true,0,1,2,3,4,5,6,7,8,9,10,11,12,13,14,15,16,17,18,19,20,21,22,23,24,25,26,27,28,29,30,31,32,33,34,35,36,37,38,39,40,41,42
0,6300.0,6300.0,6300.0,6300.0,6300.0,6300.0,6300.0,6300.0,6300.0,6300.0,6300.0,6300.0,6300.0,6300.0,6300.0,6300.0,6300.0,6300.0,6300.0,6300.0,6300.0,6300.0,6300.0,6300.0,6300.0,6300.0,6300.0,6300.0,6300.0,6300.0,6300.0,6300.0,6300.0,6300.0,6300.0,6300.0,6300.0,6300.0,6300.0,6300.0,6300.0,6300.0,6300.0
1,6300.0,6300.0,6300.0,6300.0,6300.0,6300.0,6300.0,6300.0,6300.0,6300.0,6300.0,6300.0,6300.0,6300.0,6300.0,6300.0,6300.0,6300.0,6300.0,6300.0,6300.0,6300.0,6300.0,6300.0,6300.0,6300.0,6300.0,6300.0,6300.0,6300.0,6300.0,6300.0,6300.0,6300.0,6300.0,6300.0,6300.0,6300.0,6300.0,6300.0,6300.0,6300.0,6300.0
2,6300.0,6300.0,6300.0,6300.0,6300.0,6300.0,6300.0,6300.0,6300.0,6300.0,6300.0,6300.0,6300.0,6300.0,6300.0,6300.0,6300.0,6300.0,6300.0,6300.0,6300.0,6300.0,6300.0,6300.0,6300.0,6300.0,6300.0,6300.0,6300.0,6300.0,6300.0,6300.0,6300.0,6300.0,6300.0,6300.0,6300.0,6300.0,6300.0,6300.0,6300.0,6300.0,6300.0
3,6300.0,6300.0,6300.0,6300.0,6300.0,6300.0,6300.0,6300.0,6300.0,6300.0,6300.0,6300.0,6300.0,6300.0,6300.0,6300.0,6300.0,6300.0,6300.0,6300.0,6300.0,6300.0,6300.0,6300.0,6300.0,6300.0,6300.0,6300.0,6300.0,6300.0,6300.0,6300.0,6300.0,6300.0,6300.0,6300.0,6300.0,6300.0,6300.0,6300.0,6300.0,6300.0,6300.0
4,6300.0,6300.0,6300.0,6300.0,6300.0,6300.0,6300.0,6300.0,6300.0,6300.0,6300.0,6300.0,6300.0,6300.0,6300.0,6300.0,6300.0,6300.0,6300.0,6300.0,6300.0,6300.0,6300.0,6300.0,6300.0,6300.0,6300.0,6300.0,6300.0,6300.0,6300.0,6300.0,6300.0,6300.0,6300.0,6300.0,6300.0,6300.0,6300.0,6300.0,6300.0,6300.0,6300.0
5,6300.0,6300.0,6300.0,6300.0,6300.0,6300.0,6300.0,6300.0,6300.0,6300.0,6300.0,6300.0,6300.0,6300.0,6300.0,6300.0,6300.0,6300.0,6300.0,6300.0,6300.0,6300.0,6300.0,6300.0,6300.0,6300.0,6300.0,6300.0,6300.0,6300.0,6300.0,6300.0,6300.0,6300.0,6300.0,6300.0,6300.0,6300.0,6300.0,6300.0,6300.0,6300.0,6300.0
6,6300.0,6300.0,6300.0,6300.0,6300.0,6300.0,6300.0,6300.0,6300.0,6300.0,6300.0,6300.0,6300.0,6300.0,6300.0,6300.0,6300.0,6300.0,6300.0,6300.0,6300.0,6300.0,6300.0,6300.0,6300.0,6300.0,6300.0,6300.0,6300.0,6300.0,6300.0,6300.0,6300.0,6300.0,6300.0,6300.0,6300.0,6300.0,6300.0,6300.0,6300.0,6300.0,6300.0
7,6300.0,6300.0,6300.0,6300.0,6300.0,6300.0,6300.0,6300.0,6300.0,6300.0,6300.0,6300.0,6300.0,6300.0,6300.0,6300.0,6300.0,6300.0,6300.0,6300.0,6300.0,6300.0,6300.0,6300.0,6300.0,6300.0,6300.0,6300.0,6300.0,6300.0,6300.0,6300.0,6300.0,6300.0,6300.0,6300.0,6300.0,6300.0,6300.0,6300.0,6300.0,6300.0,6300.0
8,6300.0,6300.0,6300.0,6300.0,6300.0,6300.0,6300.0,6300.0,6300.0,6300.0,6300.0,6300.0,6300.0,6300.0,6300.0,6300.0,6300.0,6300.0,6300.0,6300.0,6300.0,6300.0,6300.0,6300.0,6300.0,6300.0,6300.0,6300.0,6300.0,6300.0,6300.0,6300.0,6300.0,6300.0,6300.0,6300.0,6300.0,6300.0,6300.0,6300.0,6300.0,6300.0,6300.0
9,6300.0,6300.0,6300.0,6300.0,6300.0,6300.0,6300.0,6300.0,6300.0,6300.0,6300.0,6300.0,6300.0,6300.0,6300.0,6300.0,6300.0,6300.0,6300.0,6300.0,6300.0,6300.0,6300.0,6300.0,6300.0,6300.0,6300.0,6300.0,6300.0,6300.0,6300.0,6300.0,6300.0,6300.0,6300.0,6300.0,6300.0,6300.0,6300.0,6300.0,6300.0,6300.0,6300.0
10,6300.0,6300.0,6300.0,6300.0,6300.0,6300.0,6300.0,6300.0,6300.0,6300.0,6300.0,6300.0,6300.0,6300.0,6300.0,6300.0,6300.0,6300.0,6300.0,6300.0,6300.0,6300.0,6300.0,6300.0,6300.0,6300.0,6300.0,6300.0,6300.0,6300.0,6300.0,6300.0,6300.0,6300.0,6300.0,6300.0,6300.0,6300.0,6300.0,6300.0,6300.0,6300.0,6300.0
11,6300.0,6300.0,6300.0,6300.0,6300.0,6300.0,6300.0,6300.0,6300.0,6300.0,6300.0,6300.0,6300.0,6300.0,6300.0,6300.0,6300.0,6300.0,6300.0,6300.0,6300.0,6300.0,6300.0,6300.0,6300.0,6300.0,6300.0,6300.0,6300.0,6300.0,6300.0,6300.0,6300.0,6300.0,6300.0,6300.0,6300.0,6300.0,6300.0,6300.0,6300.0,6300.0,6300.0
12,6300.0,6300.0,6300.0,6300.0,6300.0,6300.0,6300.0,6300.0,6300.0,6300.0,6300.0,6300.0,6300.0,6300.0,6300.0,6300.0,6300.0,6300.0,6300.0,6300.0,6300.0,6300.0,6300.0,6300.0,6300.0,6300.0,6300.0,6300.0,6300.0,6300.0,6300.0,6300.0,6300.0,6300.0,6300.0,6300.0,6300.0,6300.0,6300.0,6300.0,6300.0,6300.0,6300.0
13,6300.0,6300.0,6300.0,6300.0,6300.0,6300.0,6300.0,6300.0,6300.0,6300.0,6300.0,6300.0,6300.0,6300.0,6300.0,6300.0,6300.0,6300.0,6300.0,6300.0,6300.0,6300.0,6300.0,6300.0,6300.0,6300.0,6300.0,6300.0,6300.0,6300.0,6300.0,6300.0,6300.0,6300.0,6300.0,6300.0,6300.0,6300.0,6300.0,6300.0,6300.0,6300.0,6300.0
14,6300.0,6300.0,6300.0,6300.0,6300.0,6300.0,6300.0,6300.0,6300.0,6300.0,6300.0,6300.0,6300.0,6300.0,6300.0,6300.0,6300.0,6300.0,6300.0,6300.0,6300.0,6300.0,6300.0,6300.0,6300.0,6300.0,6300.0,6300.0,6300.0,6300.0,6300.0,6300.0,6300.0,6300.0,6300.0,6300.0,6300.0,6300.0,6300.0,6300.0,6300.0,6300.0,6300.0
15,6300.0,6300.0,6300.0,6300.0,6300.0,6300.0,6300.0,6300.0,6300.0,6300.0,6300.0,6300.0,6300.0,6300.0,6300.0,6300.0,6300.0,6300.0,6300.0,6300.0,6300.0,6300.0,6300.0,6300.0,6300.0,6300.0,6300.0,6300.0,6300.0,6300.0,6300.0,6300.0,6300.0,6300.0,6300.0,6300.0,6300.0,6300.0,6300.0,6300.0,6300.0,6300.0,6300.0
16,6300.0,6300.0,6300.0,6300.0,6300.0,6300.0,6300.0,6300.0,6300.0,6300.0,6300.0,6300.0,6300.0,6300.0,6300.0,6300.0,6300.0,6300.0,6300.0,6300.0,6300.0,6300.0,6300.0,6300.0,6300.0,6300.0,6300.0,6300.0,6300.0,6300.0,6300.0,6300.0,6300.0,6300.0,6300.0,6300.0,6300.0,6300.0,6300.0,6300.0,6300.0,6300.0,6300.0
17,6300.0,6300.0,6300.0,6300.0,6300.0,6300.0,6300.0,6300.0,6300.0,6300.0,6300.0,6300.0,6300.0,6300.0,6300.0,6300.0,6300.0,6300.0,6300.0,6300.0,6300.0,6300.0,6300.0,6300.0,6300.0,6300.0,6300.0,6300.0,6300.0,6300.0,6300.0,6300.0,6300.0,6300.0,6300.0,6300.0,6300.0,6300.0,6300.0,6300.0,6300.0,6300.0,6300.0
18,6300.0,6300.0,6300.0,6300.0,6300.0,6300.0,6300.0,6300.0,6300.0,6300.0,6300.0,6300.0,6300.0,6300.0,6300.0,6300.0,6300.0,6300.0,6300.0,6300.0,6300.0,6300.0,6300.0,6300.0,6300.0,6300.0,6300.0,6300.0,6300.0,6300.0,6300.0,6300.0,6300.0,6300.0,6300.0,6300.0,6300.0,6300.0,6300.0,6300.0,6300.0,6300.0,6300.0
19,6300.0,6300.0,6300.0,6300.0,6300.0,6300.0,6300.0,6300.0,6300.0,6300.0,6300.0,6300.0,6300.0,6300.0,6300.0,6300.0,6300.0,6300.0,6300.0,6300.0,6300.0,6300.0,6300.0,6300.0,6300.0,6300.0,6300.0,6300.0,6300.0,6300.0,6300.0,6300.0,6300.0,6300.0,6300.0,6300.0,6300.0,6300.0,6300.0,6300.0,6300.0,6300.0,6300.0
20,6300.0,6300.0,6300.0,6300.0,6300.0,6300.0,6300.0,6300.0,6300.0,6300.0,6300.0,6300.0,6300.0,6300.0,6300.0,6300.0,6300.0,6300.0,6300.0,6300.0,6300.0,6300.0,6300.0,6300.0,6300.0,6300.0,6300.0,6300.0,6300.0,6300.0,6300.0,6300.0,6300.0,6300.0,6300.0,6300.0,6300.0,6300.0,6300.0,6300.0,6300.0,6300.0,6300.0
21,6300.0,6300.0,6300.0,6300.0,6300.0,6300.0,6300.0,6300.0,6300.0,6300.0,6300.0,6300.0,6300.0,6300.0,6300.0,6300.0,6300.0,6300.0,6300.0,6300.0,6300.0,6300.0,6300.0,6300.0,6300.0,6300.0,6300.0,6300.0,6300.0,6300.0,6300.0,6300.0,6300.0,6300.0,6300.0,6300.0,6300.0,6300.0,6300.0,6300.0,6300.0,6300.0,6300.0
22,6300.0,6300.0,6300.0,6300.0,6300.0,6300.0,6300.0,6300.0,6300.0,6300.0,6300.0,6300.0,6300.0,6300.0,6300.0,6300.0,6300.0,6300.0,6300.0,6300.0,6300.0,6300.0,6300.0,6300.0,6300.0,6300.0,6300.0,6300.0,6300.0,6300.0,6300.0,6300.0,6300.0,6300.0,6300.0,6300.0,6300.0,6300.0,6300.0,6300.0,6300.0,6300.0,6300.0
23,6300.0,6300.0,6300.0,6300.0,6300.0,6300.0,6300.0,6300.0,6300.0,6300.0,6300.0,6300.0,6300.0,6300.0,6300.0,6300.0,6300.0,6300.0,6300.0,6300.0,6300.0,6300.0,6300.0,6300.0,6300.0,6300.0,6300.0,6300.0,6300.0,6300.0,6300.0,6300.0,6300.0,6300.0,6300.0,6300.0,6300.0,6300.0,6300.0,6300.0,6300.0,6300.0,6300.0
24,6300.0,6300.0,6300.0,6300.0,6300.0,6300.0,6300.0,6300.0,6300.0,6300.0,6300.0,6300.0,6300.0,6300.0,6300.0,6300.0,6300.0,6300.0,6300.0,6300.0,6300.0,6300.0,6300.0,6300.0,6300.0,6300.0,6300.0,6300.0,6300.0,6300.0,6300.0,6300.0,6300.0,6300.0,6300.0,6300.0,6300.0,6300.0,6300.0,6300.0,6300.0,6300.0,6300.0
25,6300.0,6300.0,6300.0,6300.0,6300.0,6300.0,6300.0,6300.0,6300.0,6300.0,6300.0,6300.0,6300.0,6300.0,6300.0,6300.0,6300.0,6300.0,6300.0,6300.0,6300.0,6300.0,6300.0,6300.0,6300.0,6300.0,6300.0,6300.0,6300.0,6300.0,6300.0,6300.0,6300.0,6300.0,6300.0,6300.0,6300.0,6300.0,6300.0,6300.0,6300.0,6300.0,6300.0
26,6300.0,6300.0,6300.0,6300.0,6300.0,6300.0,6300.0,6300.0,6300.0,6300.0,6300.0,6300.0,6300.0,6300.0,6300.0,6300.0,6300.0,6300.0,6300.0,6300.0,6300.0,6300.0,6300.0,6300.0,6300.0,6300.0,6300.0,6300.0,6300.0,6300.0,6300.0,6300.0,6300.0,6300.0,6300.0,6300.0,6300.0,6300.0,6300.0,6300.0,6300.0,6300.0,6300.0
27,6300.0,6300.0,6300.0,6300.0,6300.0,6300.0,6300.0,6300.0,6300.0,6300.0,6300.0,6300.0,6300.0,6300.0,6300.0,6300.0,6300.0,6300.0,6300.0,6300.0,6300.0,6300.0,6300.0,6300.0,6300.0,6300.0,6300.0,6300.0,6300.0,6300.0,6300.0,6300.0,6300.0,6300.0,6300.0,6300.0,6300.0,6300.0,6300.0,6300.0,6300.0,6300.0,6300.0
28,6300.0,6300.0,6300.0,6300.0,6300.0,6300.0,6300.0,6300.0,6300.0,6300.0,6300.0,6300.0,6300.0,6300.0,6300.0,6300.0,6300.0,6300.0,6300.0,6300.0,6300.0,6300.0,6300.0,6300.0,6300.0,6300.0,6300.0,6300.0,6300.0,6300.0,6300.0,6300.0,6300.0,6300.0,6300.0,6300.0,6300.0,6300.0,6300.0,6300.0,6300.0,6300.0,6300.0
29,6300.0,6300.0,6300.0,6300.0,6300.0,6300.0,6300.0,6300.0,6300.0,6300.0,6300.0,6300.0,6300.0,6300.0,6300.0,6300.0,6300.0,6300.0,6300.0,6300.0,6300.0,6300.0,6300.0,6300.0,6300.0,6300.0,6300.0,6300.0,6300.0,6300.0,6300.0,6300.0,6300.0,6300.0,6300.0,6300.0,6300.0,6300.0,6300.0,6300.0,6300.0,6300.0,6300.0
30,6300.0,6300.0,6300.0,6300.0,6300.0,6300.0,6300.0,6300.0,6300.0,6300.0,6300.0,6300.0,6300.0,6300.0,6300.0,6300.0,6300.0,6300.0,6300.0,6300.0,6300.0,6300.0,6300.0,6300.0,6300.0,6300.0,6300.0,6300.0,6300.0,6300.0,6300.0,6300.0,6300.0,6300.0,6300.0,6300.0,6300.0,6300.0,6300.0,6300.0,6300.0,6300.0,6300.0
31,6300.0,6300.0,6300.0,6300.0,6300.0,6300.0,6300.0,6300.0,6300.0,6300.0,6300.0,6300.0,6300.0,6300.0,6300.0,6300.0,6300.0,6300.0,6300.0,6300.0,6300.0,6300.0,6300.0,6300.0,6300.0,6300.0,6300.0,6300.0,6300.0,6300.0,6300.0,6300.0,6300.0,6300.0,6300.0,6300.0,6300.0,6300.0,6300.0,6300.0,6300.0,6300.0,6300.0
32,6300.0,6300.0,6300.0,6300.0,6300.0,6300.0,6300.0,6300.0,6300.0,6300.0,6300.0,6300.0,6300.0,6300.0,6300.0,6300.0,6300.0,6300.0,6300.0,6300.0,6300.0,6300.0,6300.0,6300.0,6300.0,6300.0,6300.0,6300.0,6300.0,6300.0,6300.0,6300.0,6300.0,6300.0,6300.0,6300.0,6300.0,6300.0,6300.0,6300.0,6300.0,6300.0,6300.0
33,6300.0,6300.0,6300.0,6300.0,6300.0,6300.0,6300.0,6300.0,6300.0,6300.0,6300.0,6300.0,6300.0,6300.0,6300.0,6300.0,6300.0,6300.0,6300.0,6300.0,6300.0,6300.0,6300.0,6300.0,6300.0,6300.0,6300.0,6300.0,6300.0,6300.0,6300.0,6300.0,6300.0,6300.0,6300.0,6300.0,6300.0,6300.0,6300.0,6300.0,6300.0,6300.0,6300.0
34,6300.0,6300.0,6300.0,6300.0,6300.0,6300.0,6300.0,6300.0,6300.0,6300.0,6300.0,6300.0,6300.0,6300.0,6300.0,6300.0,6300.0,6300.0,6300.0,6300.0,6300.0,6300.0,6300.0,6300.0,6300.0,6300.0,6300.0,6300.0,6300.0,6300.0,6300.0,6300.0,6300.0,6300.0,6300.0,6300.0,6300.0,6300.0,6300.0,6300.0,6300.0,6300.0,6300.0
35,6300.0,6300.0,6300.0,6300.0,6300.0,6300.0,6300.0,6300.0,6300.0,6300.0,6300.0,6300.0,6300.0,6300.0,6300.0,6300.0,6300.0,6300.0,6300.0,6300.0,6300.0,6300.0,6300.0,6300.0,6300.0,6300.0,6300.0,6300.0,6300.0,6300.0,6300.0,6300.0,6300.0,6300.0,6300.0,6300.0,6300.0,6300.0,6300.0,6300.0,6300.0,6300.0,6300.0
36,6300.0,6300.0,6300.0,6300.0,6300.0,6300.0,6300.0,6300.0,6300.0,6300.0,6300.0,6300.0,6300.0,6300.0,6300.0,6300.0,6300.0,6300.0,6300.0,6300.0,6300.0,6300.0,6300.0,6300.0,6300.0,6300.0,6300.0,6300.0,6300.0,6300.0,6300.0,6300.0,6300.0,6300.0,6300.0,6300.0,6300.0,6300.0,6300.0,6300.0,6300.0,6300.0,6300.0
37,6300.0,6300.0,6300.0,6300.0,6300.0,6300.0,6300.0,6300.0,6300.0,6300.0,6300.0,6300.0,6300.0,6300.0,6300.0,6300.0,6300.0,6300.0,6300.0,6300.0,6300.0,6300.0,6300.0,6300.0,6300.0,6300.0,6300.0,6300.0,6300.0,6300.0,6300.0,6300.0,6300.0,6300.0,6300.0,6300.0,6300.0,6300.0,6300.0,6300.0,6300.0,6300.0,6300.0
38,6300.0,6300.0,6300.0,6300.0,6300.0,6300.0,6300.0,6300.0,6300.0,6300.0,6300.0,6300.0,6300.0,6300.0,6300.0,6300.0,6300.0,6300.0,6300.0,6300.0,6300.0,6300.0,6300.0,6300.0,6300.0,6300.0,6300.0,6300.0,6300.0,6300.0,6300.0,6300.0,6300.0,6300.0,6300.0,6300.0,6300.0,6300.0,6300.0,6300.0,6300.0,6300.0,6300.0
39,6300.0,6300.0,6300.0,6300.0,6300.0,6300.0,6300.0,6300.0,6300.0,6300.0,6300.0,6300.0,6300.0,6300.0,6300.0,6300.0,6300.0,6300.0,6300.0,6300.0,6300.0,6300.0,6300.0,6300.0,6300.0,6300.0,6300.0,6300.0,6300.0,6300.0,6300.0,6300.0,6300.0,6300.0,6300.0,6300.0,6300.0,6300.0,6300.0,6300.0,6300.0,6300.0,6300.0
40,6300.0,6300.0,6300.0,6300.0,6300.0,6300.0,6300.0,6300.0,6300.0,6300.0,6300.0,6300.0,6300.0,6300.0,6300.0,6300.0,6300.0,6300.0,6300.0,6300.0,6300.0,6300.0,6300.0,6300.0,6300.0,6300.0,6300.0,6300.0,6300.0,6300.0,6300.0,6300.0,6300.0,6300.0,6300.0,6300.0,6300.0,6300.0,6300.0,6300.0,6300.0,6300.0,6300.0
41,6300.0,6300.0,6300.0,6300.0,6300.0,6300.0,6300.0,6300.0,6300.0,6300.0,6300.0,6300.0,6300.0,6300.0,6300.0,6300.0,6300.0,6300.0,6300.0,6300.0,6300.0,6300.0,6300.0,6300.0,6300.0,6300.0,6300.0,6300.0,6300.0,6300.0,6300.0,6300.0,6300.0,6300.0,6300.0,6300.0,6300.0,6300.0,6300.0,6300.0,6300.0,6300.0,6300.0
42,6300.0,6300.0,6300.0,6300.0,6300.0,6300.0,6300.0,6300.0,6300.0,6300.0,6300.0,6300.0,6300.0,6300.0,6300.0,6300.0,6300.0,6300.0,6300.0,6300.0,6300.0,6300.0,6300.0,6300.0,6300.0,6300.0,6300.0,6300.0,6300.0,6300.0,6300.0,6300.0,6300.0,6300.0,6300.0,6300.0,6300.0,6300.0,6300.0,6300.0,6300.0,6300.0,6300.0
