model,epoch,train loss,train accuracy,train f1,train precision,train recall,test loss,test accuracy,test f1,test precision,test recall
mobilenet_v2,1,4.107791178029682,0.06023119042790509,0.062019576321454314,0.09888284767984541,0.06023119042790509,4.183791758853637,0.0227088402270884,0.0010084814058024985,0.0005156914244594284,0.0227088402270884
mobilenet_v2,2,3.2962656930599703,0.18698032853376598,0.18308605004484899,0.24899167830189434,0.18698032853376598,3.548474615797799,0.1435523114355231,0.12216933096987144,0.27112769777203233,0.1435523114355231
mobilenet_v2,3,2.277581203590661,0.3636179273980937,0.3581820310858304,0.42506628927529383,0.3636179273980937,1.7667785198439068,0.4233576642335766,0.4121966030884879,0.48064004438389063,0.4233576642335766
mobilenet_v2,4,1.4850108891610707,0.5053741634556885,0.49888381422970907,0.5388253083215466,0.5053741634556885,1.2585306124095499,0.5474452554744526,0.5412188537034598,0.6116085966450302,0.5474452554744526
mobilenet_v2,5,0.963322755870266,0.6402352464003245,0.6356653263859982,0.6605782397427695,0.6402352464003245,0.7939490131121386,0.7007299270072993,0.6981518499929181,0.739740290053124,0.7007299270072993
mobilenet_v2,6,0.5662434260904656,0.7489353072399108,0.7449372888586075,0.7601777641243253,0.7489353072399108,0.5305765846929991,0.7850770478507705,0.7787233517767616,0.7976468649162843,0.7850770478507705
mobilenet_v2,7,0.3651439655512493,0.8347191239099574,0.8323712824533839,0.838448460916099,0.8347191239099574,0.43247622754258636,0.8231954582319546,0.8199253050451509,0.8352018456738736,0.8231954582319546
mobilenet_v2,8,0.2722402213069929,0.8724396674102616,0.8699692300782509,0.8763282243253144,0.8724396674102616,0.36672513715058735,0.862124898621249,0.8593172035879632,0.8725826546338934,0.862124898621249
mobilenet_v2,9,0.22582739116550338,0.8963699046846482,0.8956261964507649,0.9006197811047733,0.8963699046846482,0.3513721731844126,0.8661800486618005,0.864317998686206,0.8771718903459766,0.8661800486618005
mobilenet_v2,10,0.19347263158540218,0.9150273778138308,0.9143196684750845,0.9165118588979481,0.9150273778138308,0.34024967834510556,0.8775344687753447,0.8758790924423301,0.8889822858684531,0.8775344687753447
